Site_ID,Date,Temperature_C,pH,Dissolved_Oxygen,Site_ID_FP,Date_FP,Species,Fish_Count,Avg_Size_cm,Fish_Health_Index,Water_Quality_Index,Oxygen_Status,pH_Status,Temperature_Status,Site_Health_Category,Month,Season
AV-1,2023-11-06,13.5,7.88,7.9,AV-1,2023-11-06,Brown Trout,12,18.3,0.4038,0.702,Good,Alkaline,Optimal,Good,11,Spring
AV-2,2023-11-02,16.8,7.33,8.2,AV-2,2023-11-02,Shortfin Eel,7,42.1,0.5855,0.7876,Good,Neutral,Optimal,Good,11,Spring
AV-3,2023-10-21,15.1,7.6,7.5,AV-3,2023-10-21,Inanga,25,7.4,0.4991,0.6947,Good,Alkaline,Optimal,Good,10,Spring
AV-1,2023-11-01,14.0,7.05,9.0,AV-1,2023-11-01,Longfin Eel,6,38.9,0.5332,0.9461,Good,Neutral,Optimal,Good,11,Spring
AV-2,2023-10-14,15.3,7.64,6.9,AV-2,2023-10-14,Brown Trout,9,17.0,0.3393,0.5984,Moderate,Alkaline,Optimal,Moderate,10,Spring
AV-3,2023-11-10,17.9,7.22,8.4,AV-3,2023-11-10,Inanga,22,8.1,0.4569,0.8046,Good,Neutral,Optimal,Good,11,Spring
AV-1,2023-10-15,13.9,7.11,7.8,AV-1,2023-10-15,Shortfin Eel,5,40.3,0.5321,0.7612,Good,Neutral,Optimal,Good,10,Spring
AV-3,2023-11-12,18.6,7.33,6.5,AV-3,2023-11-12,Inanga,30,6.9,0.5768,0.4997,Moderate,Neutral,Warm,Moderate,11,Spring
AV-2,2023-11-08,15.7,7.65,9.1,AV-2,2023-11-08,Brown Trout,10,19.5,0.3838,0.9155,Good,Alkaline,Optimal,Good,11,Spring
AV-1,2023-11-13,16.2,7.5,8.6,AV-1,2023-11-13,Inanga,18,8.2,0.3913,0.8443,Good,Neutral,Optimal,Good,11,Spring
AV-3,2023-10-25,14.5,7.49,8.0,AV-3,2023-10-25,Longfin Eel,4,44.0,0.5566,0.7702,Good,Neutral,Optimal,Good,10,Spring
AV-2,2023-10-18,16.3,7.71,7.6,AV-2,2023-10-18,Shortfin Eel,8,39.7,0.5754,0.6761,Good,Alkaline,Optimal,Good,10,Spring
AV-1,2023-10-11,13.7,7.1,7.7,AV-1,2023-10-11,Inanga,20,7.5,0.4169,0.7432,Good,Neutral,Optimal,Good,10,Spring
AV-2,2023-10-20,15.4,7.66,8.9,AV-2,2023-10-20,Brown Trout,11,18.1,0.3849,0.891,Good,Alkaline,Optimal,Good,10,Spring
AV-3,2023-11-14,19.2,7.36,7.4,AV-3,2023-11-14,Inanga,28,7.3,0.548,0.6185,Good,Neutral,Warm,Moderate,11,Spring
AV-2,2023-10-17,15.9,7.38,6.8,AV-2,2023-10-17,Longfin Eel,3,41.9,0.5166,0.5939,Moderate,Neutral,Optimal,Moderate,10,Spring
AV-1,2023-10-22,13.4,7.08,7.2,AV-1,2023-10-22,Shortfin Eel,4,40.0,0.5121,0.6648,Good,Neutral,Optimal,Good,10,Spring
AV-3,2023-10-27,17.1,7.45,8.3,AV-3,2023-10-27,Inanga,26,7.6,0.518,0.7861,Good,Neutral,Optimal,Good,10,Spring
AV-2,2023-11-03,16.6,7.74,7.9,AV-2,2023-11-03,Inanga,19,8.0,0.4058,0.712,Good,Alkaline,Optimal,Good,11,Spring
AV-2,2023-10-30,15.1,7.69,8.6,AV-2,2023-10-30,Brown Trout,9,18.4,0.3549,0.85,Good,Alkaline,Optimal,Good,10,Spring
AV-1,2023-10-29,14.1,7.32,8.8,AV-1,2023-10-29,Brown Trout,13,17.8,0.4149,0.8953,Good,Neutral,Optimal,Good,10,Spring
AV-3,2023-11-09,18.3,7.41,7.7,AV-3,2023-11-09,Longfin Eel,5,43.2,0.5644,0.6766,Good,Neutral,Warm,Good,11,Spring
AV-2,2023-10-23,15.0,7.68,8.5,AV-2,2023-10-23,Inanga,21,7.7,0.4357,0.838,Good,Alkaline,Optimal,Good,10,Spring
AV-1,2023-10-12,13.6,7.26,7.6,AV-1,2023-10-12,Shortfin Eel,7,39.5,0.5565,0.7127,Good,Neutral,Optimal,Good,10,Spring
AV-3,2023-10-30,16.7,7.59,9.0,AV-3,2023-10-30,Brown Trout,10,17.3,0.3593,0.8858,Good,Alkaline,Optimal,Good,10,Spring
AV-2,2023-11-05,15.2,7.53,8.3,AV-2,2023-11-05,Inanga,24,8.5,0.4947,0.8172,Good,Alkaline,Optimal,Good,11,Spring
AV-1,2023-10-27,14.3,7.15,6.9,AV-1,2023-10-27,Longfin Eel,6,40.7,0.5532,0.6324,Moderate,Neutral,Optimal,Moderate,10,Spring
AV-2,2023-10-31,14.6,7.41,8.2,AV-2,2023-10-31,Inanga,15,7.9,0.338,0.8087,Good,Neutral,Optimal,Good,10,Spring
AV-3,2023-10-11,13.2,7.38,7.5,AV-3,2023-10-11,Brown Trout,9,18.2,0.3527,0.6796,Good,Neutral,Optimal,Good,10,Spring
AV-2,2023-10-26,15.8,7.62,8.6,AV-2,2023-10-26,Shortfin Eel,6,41.0,0.5566,0.842,Good,Alkaline,Optimal,Good,10,Spring
AV-1,2023-11-04,16.0,7.29,7.8,AV-1,2023-11-04,Inanga,23,7.2,0.4635,0.7477,Good,Neutral,Optimal,Good,11,Spring
AV-3,2023-11-15,19.7,7.42,7.9,AV-3,2023-11-15,Brown Trout,12,18.7,0.4082,0.6774,Good,Neutral,Warm,Good,11,Spring
AV-2,2023-10-09,14.9,7.55,8.7,AV-2,2023-10-09,Longfin Eel,5,43.6,0.5689,0.8768,Good,Alkaline,Optimal,Good,10,Spring
AV-3,2023-11-08,18.0,7.31,6.7,AV-3,2023-11-08,Shortfin Eel,8,40.1,0.5799,0.5431,Moderate,Neutral,Optimal,Moderate,11,Spring
AV-1,2023-11-10,14.8,7.36,7.6,AV-1,2023-11-10,Inanga,27,7.8,0.5369,0.7281,Good,Neutral,Optimal,Good,11,Spring
AV-2,2023-11-06,15.5,7.63,8.4,AV-2,2023-11-06,Brown Trout,10,18.0,0.3671,0.8175,Good,Alkaline,Optimal,Good,11,Spring
AV-3,2023-10-31,17.3,7.5,9.1,AV-3,2023-10-31,Inanga,25,7.6,0.5013,0.8963,Good,Neutral,Optimal,Good,10,Spring
AV-2,2023-11-12,16.1,7.67,7.3,AV-2,2023-11-12,Shortfin Eel,6,40.4,0.5499,0.6391,Good,Alkaline,Optimal,Moderate,11,Spring
AV-1,2023-10-20,14.5,7.18,7.9,AV-1,2023-10-20,Longfin Eel,4,42.5,0.5399,0.782,Good,Neutral,Optimal,Good,10,Spring
AV-2,2023-11-14,16.0,7.56,8.1,AV-2,2023-11-14,Inanga,20,7.3,0.4146,0.769,Good,Alkaline,Optimal,Good,11,Spring
AV-3,2023-11-01,17.2,7.34,7.8,AV-3,2023-11-01,Brown Trout,11,17.9,0.3827,0.7194,Good,Neutral,Optimal,Good,11,Spring
AV-1,2023-10-08,13.8,7.28,6.9,AV-1,2023-10-08,Shortfin Eel,3,38.8,0.4821,0.6113,Moderate,Neutral,Optimal,Moderate,10,Spring
AV-2,2023-10-24,15.6,7.58,8.3,AV-2,2023-10-24,Unknown,26,8.1,0.5235,0.805,Good,Alkaline,Optimal,Good,10,Spring
AV-3,2023-10-13,16.4,7.44,7.7,AV-3,2023-10-13,Longfin Eel,7,42.7,0.5922,0.7121,Good,Neutral,Optimal,Good,10,Spring
AV-1,2023-10-07,14.2,7.23,7.5,AV-1,2023-10-07,Inanga,22,7.1,0.4457,0.7124,Good,Neutral,Optimal,Good,10,Spring
AV-3,2023-10-29,16.5,7.51,9.2,AV-3,2023-10-29,Shortfin Eel,6,41.6,0.5633,0.9263,Good,Alkaline,Optimal,Good,10,Spring
AV-1,2023-10-24,14.0,7.09,6.8,AV-1,2023-10-24,Longfin Eel,5,43.0,0.5622,0.6167,Moderate,Neutral,Optimal,Moderate,10,Spring
AV-2,2023-11-07,15.3,7.6,8.4,AV-2,2023-11-07,Inanga,18,7.4,0.3824,0.8241,Good,Alkaline,Optimal,Good,11,Spring
AV-1,2023-10-06,13.9,7.22,7.7,AV-1,2023-10-06,Brown Trout,10,18.5,0.3727,0.7369,Good,Neutral,Optimal,Good,10,Spring
AV-3,2023-11-06,18.2,7.39,8.0,AV-3,2023-11-06,Inanga,24,8.3,0.4924,0.7248,Good,Neutral,Warm,Good,11,Spring
AV-2,2023-12-07,20.7,7.37,8.8,AV-2,2023-12-07,Longfin Eel,11,44.9,0.6833,0.795,Good,Neutral,Warm,Good,12,Summer
AV-2,2023-12-14,16.3,7.68,8.0,AV-2,2023-12-14,Longfin Eel,19,44.9,0.8167,0.7379,Good,Alkaline,Optimal,Good,12,Summer
AV-1,2023-12-05,18.9,7.59,7.8,AV-1,2023-12-05,Longfin Eel,10,41.7,0.631,0.664,Good,Alkaline,Warm,Good,12,Summer
AV-3,2023-12-23,20.3,7.74,7.2,AV-3,2023-12-23,Inanga,20,8.4,0.4269,0.5343,Good,Alkaline,Warm,Moderate,12,Summer
AV-2,2023-12-19,18.7,7.39,9.1,AV-2,2023-12-19,Brown Trout,20,19.4,0.5494,0.8778,Good,Neutral,Warm,Good,12,Summer
AV-2,2023-12-13,17.9,7.12,6.9,AV-2,2023-12-13,Inanga,6,7.9,0.188,0.591,Moderate,Neutral,Optimal,Moderate,12,Summer
AV-3,2023-12-20,18.1,7.445,7.1,AV-3,2023-12-20,Longfin Eel,12,42.4,0.6722,0.5887,Good,Neutral,Warm,Moderate,12,Summer
AV-3,2023-12-07,20.0,7.52,7.9,AV-3,2023-12-07,Inanga,16,8.0,0.3558,0.6628,Good,Alkaline,Warm,Good,12,Summer
AV-1,2023-12-28,15.6,7.68,9.0,AV-1,2023-12-28,Brown Trout,3,16.9,0.2382,0.9001,Good,Alkaline,Optimal,Good,12,Summer
AV-3,2023-12-15,17.9,7.59,7.4,AV-3,2023-12-15,Shortfin Eel,5,39.6,0.5243,0.6248,Good,Alkaline,Optimal,Moderate,12,Summer
AV-3,2023-12-07,21.0,7.79,7.2,AV-3,2023-12-07,Brown Trout,19,17.5,0.5115,0.516,Good,Alkaline,Warm,Moderate,12,Summer
AV-1,2023-12-26,19.4,7.64,9.0,AV-1,2023-12-26,Inanga,15,6.9,0.3268,0.8275,Good,Alkaline,Warm,Good,12,Summer
AV-2,2023-12-15,18.6,7.67,7.9,AV-2,2023-12-15,Inanga,3,7.2,0.1302,0.678,Good,Alkaline,Warm,Good,12,Summer
AV-2,2023-12-11,16.0,7.04,6.7,AV-2,2023-12-11,Brown Trout,17,18.7,0.4916,0.6062,Moderate,Neutral,Optimal,Moderate,12,Summer
AV-3,2023-12-04,20.1,7.39,6.7,AV-3,2023-12-04,Longfin Eel,7,41.3,0.5766,0.4942,Moderate,Neutral,Warm,Moderate,12,Summer
AV-3,2023-12-29,14.1,7.48,6.9,AV-3,2023-12-29,Brown Trout,20,16.9,0.5215,0.6001,Moderate,Neutral,Optimal,Moderate,12,Summer
AV-3,2023-12-19,20.7,7.26,7.2,AV-3,2023-12-19,Inanga,5,7.1,0.1624,0.5674,Good,Neutral,Warm,Moderate,12,Summer
AV-2,2023-12-18,15.5,7.67,7.3,AV-2,2023-12-18,Longfin Eel,16,44.7,0.7644,0.6511,Good,Alkaline,Optimal,Good,12,Summer
AV-3,2023-12-22,14.6,7.31,6.9,AV-3,2023-12-22,Brown Trout,22,16.6,0.5515,0.6247,Moderate,Neutral,Optimal,Moderate,12,Summer
AV-3,2023-12-24,20.2,7.1,8.6,AV-3,2023-12-24,Brown Trout,7,17.2,0.3082,0.7985,Good,Neutral,Warm,Good,12,Summer
